{
  "project_info": {
    "project_number": "32617284281",
    "project_id": "flash-chat-9f3db",
    "storage_bucket": "flash-chat-9f3db.appspot.com"
  },
  "client": [
    {
      "client_info": {
        "mobilesdk_app_id": "1:32617284281:android:aaa1c78d61e3c0f9791168",
        "android_client_info": {
          "package_name": "co.appbrewery.flash_chat"
        }
      },
      "oauth_client": [
        {
          "client_id": "32617284281-ot7uli1pd4fq64bio128tel5llf00mhk.apps.googleusercontent.com",
          "client_type": 3
        }
      ],
      "api_key": [
        {
          "current_key": "AIzaSyCZNLxL2BBMKETt04b40Q-UFxPfS3WRs3k"
        }
      ],
      "services": {
        "appinvite_service": {
          "other_platform_oauth_client": [
            {
              "client_id": "32617284281-ot7uli1pd4fq64bio128tel5llf00mhk.apps.googleusercontent.com",
              "client_type": 3
            }
          ]
        }
      }
    }
  ],
  "configuration_version": "1"
}